-41.908,-16.164,36.779
-63.45,-23.052,7.2088
-11.943,-79.351,37.204
-17.728,-36.212,-12.913
-28.164,42.698,22.45
-24.642,-5.54,-34.14
-54.852,9.8423,-10.427
-3.0784,-80.189,18.635
-2.0518,2.1689,32.211
-0.96014,10.989,-0.37893
-21.868,19.121,57.176
-36.979,-6.2403,11.582
-10.994,-49.997,41.419
-4.3834,-57.559,11.73
-44.845,8.8755,-20.75
-50.083,-8.98,-39.95
-46.331,11.502,-33.369
-39.919,-66.439,-17.677
-23.073,-40.491,-11.58
-54.291,-12.911,-12.584
-14.373,-82.117,-13.713
-37.062,-73.725,41.617
-11.936,-27.899,-3.1107
-19.105,-65.873,-9.9524
-5.4208,-73.693,-1.9172
-44.21,-53.516,14.386
-14.344,-57.514,15.325
-55.698,-20.782,-31.46
-2.5368,-81.109,0.17751
-7.3839,42.135,27.928
-51.816,-40.866,20.04
-9.5549,-39.151,58.407
-32.145,-60.183,46.035
-8.0416,52.548,-9.562
-21.543,5.4409,67.426
-19.469,4.5193,-14.395
-43.236,-60.404,48.859
-29.266,25.983,-21.007
-55.688,-42.105,6.8115
-39.557,-61.581,27.84
-40.143,-12.24,-33.415
-8.2571,5.8437,51.548
-1.8817,-20.148,-4.9317
-30.051,33.396,44.366
-42.904,16.986,34.309
-12.372,-73.251,9.2318
-42.212,49.78,9.6271
-23.595,63.108,11.333
-8.5826,-4.5112,70.025
-1.2768,-8.7993,-9.1888
-32.976,57.04,-0.27003
-39.995,-52.024,40.283
-0.72503,-2.7924,8.6528
-24.893,48.749,18.667
-33.851,3.3502,59.75
-35.714,-45.119,49.387
-52.188,-51.846,30.933
-30.857,8.3457,-15.737
-16.871,-50.985,-8.067
-29.177,31.562,-15.679
-48.411,17.506,-21.611
-9.646,-65.934,-4.2224
-43.411,-83.558,-5.5841
-19.851,-34.408,-4.0783
-36.185,-28.738,68.505
-33.048,-88.489,4.1137
-11.147,48.35,9.6686
-0.71943,-16.086,15.434
-39.745,6.7128,44.024
-17.426,35.069,-23.306
-43.101,26.25,21.447
-6.6063,-40.429,76.166
-15.893,-72.947,-9.5107
-52.792,31.251,10.767
-27.094,-87.932,6.2727
-7.0524,-51.538,5.5386
-49.504,10.301,-27.47
-54.123,8.7607,19.556
-47.785,40.845,1.6987
-62.808,-41.275,8.2886
-63.305,-29.726,11.57
-9.2648,-71.714,56.856
-20.279,14.798,65.39
-10.635,-23.893,78.501
-49.667,34.616,-10.365
-26.162,-47.572,68.628
-16.461,-68.483,61.12
-36.57,-20.888,47.729
-54.623,-64.355,0.26279
-19.783,-29.593,-11.011
-24.108,55.021,27.172
-17.839,-60.163,19.916
-6.4672,48.863,45.208
-26.025,54.61,-1.8142
-34.879,21.914,-19.027
-27.106,-64.184,-13.754
-8.6612,-0.9657,45.759
-38.174,-40.568,-22.189
-6.6776,42.721,-1.0893
-64.719,-33.153,-8.2096
-0.72984,16.166,15.076
-46.993,2.2073,48.093
-21.352,20.181,-21.789
-26.679,-55.917,66.298
-50.198,-23.269,55.187
-40.609,-57.752,23.904
-54.249,-27.058,36.368
-3.1966,-49.566,27.957
-46.291,-68.652,10.94
-48.563,2.2336,5.1301
-7.0368,-20.631,41.681
-47.36,21.357,8.2646
-20.86,-87.984,19.687
-5.1041,38.42,4.301
-37.038,-86.387,15.479
-59.135,-21.203,-3.5254
-33.833,16.29,9.5204
-52.779,5.0131,-33.323
-4.531,-10.278,55.427
-19.734,36.392,36.637
-49.996,-6.0668,-4.3319
-17.163,61.766,19.549
-37.386,-20.736,-15.778
-44.377,19.568,-29.388
-39.07,49.413,-1.1602
-17.275,-64.473,25.083
-41.397,26.983,-6.4336
-58.431,-24.026,-25.049
-13.479,-87.208,36.699
-17.415,-16.389,76.739
-33.266,-46.647,-19.023
-28.646,-75.938,23.236
-15.354,-34.224,-8.1947
-50.904,-62.315,40.822
-41.459,25.222,-15.916
-11.852,5.6097,-13.51
-59.447,-47.387,35.132
-41.451,-75.201,19.468
-57.229,-57.508,-3.4961
-5.57,-34.47,44.596
-23.134,40.475,34.787
-38.043,-57.308,45.772
-53.837,-1.3205,-21.612
-7.1004,-22.619,49.679
-46.334,-2.0197,9.4271
-29.599,-94.656,-8.3068
-27.149,35.667,-10.553
-3.311,24.114,-23.44
-52.714,22.426,11.874
-23.904,-23.354,-15.851
-4.5914,-75.727,10.915
-58.89,-26.876,19.427
-27.172,52.35,4.2974
-51.776,-54.819,7.1974
-51.992,-59.717,-13.825
-53.301,-22.047,48.888
-42.372,46.153,2.845
-12.634,-100.23,-12.768
-11.256,-42.838,-0.74699
-23.731,56.659,6.4632
-46.328,-56.141,43.616
-53.852,10.512,-19.811
-4.6969,-45.366,9.638
-48.35,6.0393,-14.41
-38.894,6.4719,-23.104
-10.508,-43.901,70.094
-17.25,10.133,-18.431
-0.72993,15.132,7.5352
-23.356,62.795,2.5499
-19.775,-12.129,65.485
-3.3963,-30.788,61.582
-54.116,-26.648,6.8116
-15.513,52.247,36.093
-5.7552,-68.109,10.049
-42.387,44.306,-4.5398
-21.537,-82.217,19.518
-15.978,-67.852,49.185
-3.0923,-39.754,66.809
-23.348,60.921,-11.287
-12.949,-73.806,42.041
-1.3753,-28.702,2.7884
-2.8371,-24.083,30.131
-14.312,-17.329,-7.8593
-12.291,-103.03,9.6294
-23.076,20.413,46.573
-25.871,-29.642,-21.606
-24.97,55.731,14.519
-11.316,66.786,-7.2353
-0.72593,-6.8435,16.2
-29.679,16.137,-16.245
-46.833,-76.72,10.937
-20.655,-101.26,-9.31
-34.813,-38.562,54.159
-14.252,-56.44,61.798
-54.09,-59.59,27.521
-35.023,55.845,-10.429
-60.238,-12.194,-5.3971
-25.773,-94.217,2.8703
-14.39,-0.34009,72.691
-61.055,-47.497,0.80032
-64.051,-17.955,-14.683
-6.4438,-29.323,0.133
-43.033,-8.9484,56.871
-39.706,-33.48,13.673
-54.142,-48.848,2.8877
-19.849,-100.72,5.1889
-3.9268,43.137,-23.148
-35.423,-11.109,-40.61
-23.441,-52.098,-8.0443
-8.6792,-12.771,-10.047
-32.689,3.6636,-19.328
-32.227,-90.431,-14.402
-0.73293,6.0771,5.2922
-27.716,-45.498,-15.314
-39.157,-14.223,51.681
-47.417,-8.4167,11.247
-10.23,39.427,-24.07
-0.76712,-24.195,21.417
-64.323,-40.139,-1.8617
-45.31,-72.738,25.563
-10.625,-65.22,63.65
-10.194,-64.827,25.348
-43.215,-16.519,45.107
-62.687,-14.951,17.015
-9.2999,21.631,33.229
-4.964,-15.738,62.496
-30.159,-36.882,-5.8322
-18.221,-64.852,18.226
-21.017,58.103,-4.1555
-30.768,5.6422,-26.181
-20.171,-86.602,32.097
-2.2142,24.427,18.921
-15.785,-70.378,22.014
-25.561,-92.313,16.875
-23.997,-63.462,60.877
-15.066,-46.541,-3.5172
-11.802,-43.494,63.994
-7.8508,-60.011,16.768
-17.582,-90.261,-10.731
-39.111,25.044,43.805
-41.012,41.435,8.1869
-31.766,-30.687,-9.011
-53.061,-61.497,33.318
-46.912,-51.482,10.209
-42.594,-17.674,-26.907
-28.541,0.73016,-41.584
-57.266,-49.167,-19.866
-51.742,-56.036,38.123
-9.0051,-76.879,-7.8283
-25.892,6.793,-32.166
-3.9938,25.635,25.902
-5.7043,23.81,62.183
-21.171,-3.3754,65.361
-25.2,-33.137,-6.6347
-37.028,-17.025,41.986
-41.646,38.097,29.906
-19.816,51.353,31.695
-25.508,48.622,-11.551
-17.156,56.451,25.386
-41.187,-78.068,25.824
-2.7687,-89.375,19.317
-3.8582,-81.237,32.8
-58.008,0.80886,34.067
-51.73,-11.149,3.516
-15.064,-82.704,41.753
-0.72715,-29.55,10.047
-54.2,-61.89,9.2546
-47.362,-20.033,6.0414
-4.3878,20.21,-7.7395
-62.024,-25.116,26.217
-37.905,32.013,0.2161
-40.356,-33.923,58.511
-25.096,-80.526,-12.501
-14.304,36.165,51.979
-4.2674,-27.947,76.158
-60.529,-24.383,34.16
-30.041,59.929,-7.1998
-38.698,-81.775,20.449
-36.041,-34.6,-8.0881
-42.641,-5.6072,-45.922
-20.358,-7.6409,-12.702
-64.419,-42.501,-8.9478
-30.819,-43.794,-8.96
-39.31,3.3053,-2.9818
-45.608,-80.349,2.0497
-34.712,-25.864,13.992
-59.555,-32.872,41.295
-19.573,-53.356,65.176
-11.623,-90.432,-13.763
-46.274,-14.755,-2.834
-41.23,10.164,6.9905
-1.4426,-24.917,-1.5226
-44.778,-64.413,-14.61
-35.771,-13.36,-20.669
-28.257,-71.987,26.271
-7.5847,44.581,5.9013
-26.648,-27.93,-11.098
-24.481,-90.103,-14.959
-39.918,3.5232,-12.13
-9.3853,-51.482,33.483
-41.285,31.545,17.908
-46.235,28.38,-12.122
-50.265,-36.4,-24.34
-30.179,-4.9702,-35.543
-33.046,-48.808,38.347
-64.541,-26.554,-18.67
-54.409,-32.35,23.776
-43.98,-77.48,-9.0527
-14.362,48.132,41.824
-50.722,12.59,0.10552
-48.017,-18.072,59.326
-24.023,-24.231,-25.859
-19.687,-37.785,69.377
-38.737,40.611,-13.505
-0.72519,-20.766,6.4166
-40.196,-14.943,19.609
-5.7489,41.234,50.937
-15.077,-9.0562,72.434
-4.7104,-39.608,6.2052
-19.973,-72.879,45.984
-5.3938,62.196,-11.352
-13.02,-26.022,40.897
-64.591,-17.102,1.3821
-22.317,25.867,-18.464
-40.274,-10.088,-8.7082
-27.553,-85.127,-15.85
-5.464,12.041,54.658
-40.432,-20.786,59.493
-4.4445,-63.476,21.067
-5.6206,21.444,42.668
-2.5091,-59.237,18.072
-61.393,-4.617,-23.027
-37.939,0.7908,12.008
-26.05,-63.669,44.587
-47.121,-13.279,16.622
-24.753,1.1295,-36.067
-38.534,54.047,4.1321
-5.3629,-6.3473,-11.62
-31.581,6.6101,-44.447
-37.72,-26.054,-25.65
-52.726,-4.4924,48.967
-51.889,-27.046,-6.0775
-28.717,-56.883,-8.5615
-21.643,-69.669,39.07
-46.925,-27.858,37.391
-17.64,-51.068,0.33483
-37.438,5.9806,-17.28
-0.72419,-12.042,7.9206
-46.591,-26.259,45.968
-33.748,39.593,26.108
-34.276,47.62,-11.742
-4.4261,16.21,-21.562
-35.398,-25.926,60.748
-7.504,-86.869,2.367
-20.225,-79.152,-9.682
-37.807,30.175,33.418
-7.7924,-4.8893,50.488
-3.3596,-46.159,14.95
-17.332,59.368,-16.643
-58.068,-36.39,30.291
-0.79489,24.384,8.6058
-6.0918,58.565,31.128
-30.094,-7.5533,-43.969
-52.112,-5.0239,-33.097
-30.366,-82.722,26.057
-3.1481,-30.708,29.682
-60.471,4.7948,18.782
-49.603,-14.327,45.39
-47.559,17.655,2.936
-46.797,-58.999,12.982
-8.2362,46.201,22.662
-30.587,-77.104,30.58
-43.587,45.774,-12.068
-45.02,32.889,-4.9183
-39.979,-85.909,-11.71
-33.637,-23.546,-10.676
-37.687,8.0436,-40.142
-27.783,-10.158,-14.323
-31.949,-39.011,-13.021
-13.634,-94.018,25.006
-9.5154,31.767,26.165
-20.356,-55.951,3.5923
-37.618,23.41,-11.606
-54.89,-52.672,25.017
-7.4761,5.367,60.073
-7.9725,41.293,10.877
-3.6403,-67.039,27.212
-34.019,-70.518,-16.647
-26.754,-61.143,55.073
-38.027,-64.853,49.79
-22.913,-63.879,49.739
-34.215,19.857,52.464
-36.458,-18.359,-29.12
-18.124,40.109,43.165
-58.791,2.4009,-6.9192
-39.448,-64.309,33.644
-6.545,32.537,-11.963
-55.386,16.804,14.09
-12.244,-74.93,49.907
-43.449,-73.926,3.0147
-12.972,17.588,-17.004
-6.1266,-94.33,-12.501
-44.183,-3.9021,51.068
-3.7365,-76.246,26.291
-19.759,-24.841,-19.748
-8.7641,-15.137,77.032
-30.415,27.018,-1.1891
-53.909,-13.511,-34.378
-35.105,11.043,9.6051
-54.176,6.9002,34.668
-37.257,-81.332,30.44
-12.69,55.814,30.936
-20.905,53.133,-14.579
-56.943,-20.694,28.373
-24.549,46.545,33.453
-0.72805,-8.1546,0.049951
-33.907,-38.84,45.983
-49.705,8.2647,26.51
-9.3696,16.389,36.548
-47.677,-55.014,18.998
-60.616,-47.461,27.605
-42.494,14.536,49.706
-4.2695,28.491,-5.3268
-2.1922,8.7784,29.79
-62.96,-15.007,25.125
-35.56,-89.468,-8.2502
-10.669,-10.214,48.317
-34.391,-83.601,-16.002
-26.564,-5.544,-26.172
-4.588,-62.934,40.287
-0.84785,-40.691,17.339
-30.767,14.903,-39.959
-46.425,-61.606,30.878
-24.299,-18.48,-29.508
-12.737,-70.539,37.021
-7.3173,28.39,46.127
-5.6541,5.9484,70.074
-41.44,14.707,-25.151
-58.801,0.54139,26.288
-19.6,-94.234,22.778
-8.6178,-41.448,36.887
-58.046,-57.607,-12.347
-31.405,12.863,57.93
-25.243,-66.416,33.067
-52.107,-49.359,37.878
-24.102,-72.565,32.715
-19.405,-37.238,0.55357
-3.4597,-85.754,26.008
-16.15,27.08,-25.236
-12.937,-8.0345,-12.167
-1.5925,17.796,-0.8885
-47.287,-13.436,51.555
-5.7034,-55.312,61.628
-15.213,-23.197,-5.2145
-29.789,-63.233,48.271
-4.1085,13.685,64.246
-6.5879,-15.915,49.682
-34.001,-82.866,8.8328
-5.598,-58.945,33.856
-52.023,4.1911,-25.331
-40.036,37.862,14.93
-37.416,-86.61,-1.7591
-18.769,26.914,53.717
-7.2474,-90.357,30.641
-31.641,-91.298,-2.5653
-5.3523,-95.188,13.632
-30.332,-79.544,-12.135
-32.089,-32.685,-17.658
-60.752,-50.331,-6.0187
-25.432,-77.571,27.971
-5.2027,39.231,-16.86
-8.9847,65.954,10.042
-17.76,66.043,-2.1794
-28.649,-55.149,59.667
-44.286,-23.662,19.162
-5.0812,-83.529,-12.089
-16.468,60.874,-9.1375
-32.672,-20.704,68.727
-16.748,-103.14,-2.0634
-23.338,-12.405,-32.123
-4.0104,33.02,19.248
-14.083,-88.083,29.556
-24.877,42.654,-11.549
-40.724,2.4665,-43.574
-57.859,8.0081,12.199
-7.6087,-44.557,4.8799
-25.336,12.675,-21.963
-39.833,10.915,57.511
-38.197,54.802,12.736
-45.422,-65.021,37.898
-64.127,-45.388,15.215
-5.3418,25.789,-12.803
-44.355,-68.411,5.2985
-7.0948,-24.094,-3.8442
-35.435,11.327,-29.27
-25.536,-17.473,72.821
-33.047,53.844,7.9462
-25.088,8.3622,-40.603
-44.176,-55.808,-13.477
-2.4623,-84.393,10.452
-55.997,2.6057,-15.445
-63.024,-8.8862,-16.346
-22.039,-62.683,40.919
-10.021,5.5441,42.954
-19.354,-97.912,14.903
-36.047,-19.901,17.752
-53.686,-20.024,-10.448
-2.4976,-17.69,30.521
-1.4023,-1.9296,-6.7106
-31.084,-89.929,12.404
-4.1702,-35.867,57.977
-52.936,-9.2403,41.027
-2.8883,15.579,29.299
-6.611,-8.8264,63.379
-4.8766,-1.402,56.255
-7.2245,46.216,-13.545
-44.553,-68.015,21.28
-10.464,53.722,4.7901
-31.836,-86.712,18.445
-22.986,-8.9627,58.086
-23.507,26.453,42.146
-47.134,-69.509,-0.58681
-36.722,-79.384,39.227
-3.7395,8.4241,37.61
-6.1385,-61.446,3.4474
-29.527,13.614,-33.32
-62.757,-32.038,34.899
-46.585,-64.396,45.887
-16.26,-42.347,-9.1326
-19.854,-57.61,-8.5395
-52.952,33.707,2.8677
-0.72884,-0.64806,0.97039
-65.315,-37.229,13.609
-51.391,-45.803,-22.386
-24.655,8.3022,-17.121
-33.399,-7.8894,58.662
-4.7495,32.735,55.631
-62.175,-15.607,-22.067
-52.011,-32.278,39.962
-35.19,-33.023,-24.164
-18.401,-68.386,6.4684
-9.5936,-47.134,57.833
-9.9439,-56.328,-2.5014
-31.39,20.218,-12.504
-2.3397,18.907,23.509
-7.2523,-41.518,46.209
-7.1928,54.691,39
-26.539,-100.03,-1.9831
-20.99,-31.358,73.816
-10.283,33.13,-23.109
-5.4109,-54.646,40.721
-38.931,-2.5896,-6.002
-43.003,1.5274,-18.755
-41.659,17.053,41.234
-38.61,-9.86,16.387
-57.046,-30.761,-2.7998
-5.2056,-34.918,73.733
-9.9566,35.826,21.447
-5.4506,-66.965,56.239
-43.437,-82.494,9.3829
-27.538,-5.8149,51.179
-11.398,-77.393,30.775
-34.325,15.519,-10.984
-24.435,-39.778,63.195
-9.5716,62.487,25.406
-54.799,-5.503,8.3125
-5.5124,11.773,-14.173
-4.9252,-46.829,51.097
-0.83912,-39.525,10.392
-0.72312,6.6588,12.999
-32.837,-8.1397,-24.471
-55.635,-5.3648,25.859
-9.72,47.403,16.316
-5.337,58.321,-18.049
-26.455,50.028,10.795
-41.003,32.147,-14.578
-4.0394,-0.49453,40.605
-33.003,46.166,20.768
-58.418,-12.672,39.532
-9.0339,-34.582,3.2247
-27.146,48.942,28.178
-32.569,22.66,9.5523
-30.546,-38.434,59.584
-12.481,-20.12,43.524
-44.978,-35.323,41.145
-0.75315,1.9111,20.087
-29.492,39.904,38.255
-54.343,-19.538,35.108
-44.68,-49.344,47.016
-36.816,-22.246,8.0138
-51.426,2.1788,-7.2362
-13.975,-66.4,31.112
-52.389,-61.584,-6.735
-50.933,-41.673,2.9269
-28.692,-31.768,70.703
-30.713,-11.556,66.964
-7.0297,37.76,33.597
-21.065,-86.044,-13.698
-8.6328,-0.90453,-11.587
-58.464,-46.894,10.651
-3.143,-45.846,20.781
-27.014,-68.307,29.272
-60.761,-49.978,-13.997
-26.945,-79.452,20.334
-12.176,-66.374,7.1835
-46.773,-72.599,17.849
-38.829,-13.114,-3.31
-1.9804,-28.844,68.295
-39.345,-6.5872,2.6928
-45.6,25.318,35.942
-3.6161,-68.073,46.711
-10.74,-28.034,47.183
-53.773,16.778,5.6381
-1.8353,-14.628,-7.4256
-3.5991,-49.559,58.728
-46.211,-34.499,23.046
-3.3074,-71.084,19.4
-51,-44.855,50.47
-10.302,-66.288,16.467
-39.985,-12.156,64.688
-29.262,41.564,30.794
-15.395,23.329,61.789
-14.308,-34.955,77.461
-35.69,29.395,-17.409
-1.8824,-91.667,5.4883
-56.164,-55.088,17.742
-3.4742,-59.994,46.55
-5.4717,-22.969,63.529
-23.943,-27.622,63.487
-55.362,-42.27,29.932
-55.749,-36.861,46.194
-46.929,26.757,3.2329
-50.243,-27.269,-28.035
-3.7412,-1.4839,64.808
-11.939,-34.784,51.629
-6.345,-49.561,66.845
-31.447,-76.642,45.543
-19.587,-11.377,-25.5
-10.232,11.644,-17.828
-13.829,-69.036,54.068
-46.723,6.9152,-40.142
-56.216,-15.427,45.695
-49.148,-37.833,48.35
-19.069,45.17,35.523
-7.1986,-84.776,38.164
-52.233,-20.822,17.204
-46.981,-29.937,55.44
-50.539,-8.0452,29.536
-46.871,-60.674,-10.045
-39.919,9.3309,24.801
-51.532,36.949,-3.6467
-2.134,29.231,14.958
-2.5802,-70.33,3.8369
-43.855,-37.64,-19.125
-13.673,-43.524,75.24
-17.595,-95.58,-15.642
-11.261,61.409,-14.536
-13.746,-43.066,50.645
-53.409,-15.96,53.579
-31.991,-25.606,-15.59
-20.307,-4.6868,-29.565
-25.52,-96.097,-14.075
-41.565,-68.437,28.844
-6.603,61.083,17.583
-12.113,-49.336,0.84333
-40.825,-79.495,-14.681
-27.053,-62.447,-7.6862
-1.7854,-20.267,37.933
-34.208,-53.899,-17.872
-9.447,66.73,1.7012
-59.814,-14.371,31.928
-38.299,10.068,-6.6095
-4.1784,-20.46,71.477
-41.373,-4.1292,-13.986
-16.657,-29.789,66.47
-48.481,13.873,17.942
-31.104,52.182,16.125
-11.823,-59.937,20.437
-21.628,-66.814,55.817
-20.852,-19.055,-9.6035
-37.892,-44.03,41.773
-0.83594,-34.279,23.519
-58.311,-40.595,-24.19
-9.8364,11.184,39.338
-5.9102,60.387,3.1486
-1.3125,24.408,0.36436
-12.002,-98.462,17.091
-23.527,59.107,20.492
-12.243,47.524,1.9354
-7.1398,-7.6961,43.247
-8.3258,38.862,-9.5245
-27.669,-70.622,40.619
-36.069,9.9228,1.9855
-43.916,-12.024,-40.436
-50.837,-65.848,5.7138
-24.267,-37.705,-1.7854
-4.0441,-37.485,37.792
-49.494,-40.193,26.149
-61.772,-7.0433,33.083
-36.733,-34.264,65.878
-13.898,43.184,48.442
-31.239,29.123,5.6346
-38.248,7.5181,34.427
-47.31,-75.051,-3.7404
-18.905,-23.638,73.672
-53.72,0.065418,41.178
-41.233,-3.4282,13.991
-10.347,-81.013,7.5378
-13.99,-32.439,42.432
-33.049,-27.103,-21.81
-44.861,30.103,29.078
-30.165,-50.289,-8.8581
-42.161,-74.934,33.734
-53.566,26.72,5.7938
-30.904,-7.4371,-18.544
-2.0577,-11.212,32.235
-4.8035,-27.66,42.829
-11.328,15.66,63.616
-19.173,-29.966,-16.883
-27.993,-73.032,-12.368
-9.1575,39.305,16.332
-4.1921,-44.563,33.296
-14.499,-33.361,0.15533
-7.9452,54.274,-2.9154
-30.826,-55.278,43.267
-43.71,-30.813,-20.88
-44.708,13.037,2.2521
-10.247,-40.256,4.0505
-40.999,15.295,-38.885
-22.385,8.8911,55.912
-10.228,-56.791,10.101
-17.082,-62.212,11.706
-59.769,-34.055,-16.434
-27.909,-35.979,-14.351
-54.326,0.043138,6.2652
-46.471,32.496,0.34026
-40.906,-30.234,39.74
-4.7044,51.072,-21.959
-29.698,-18.86,-20.143
-64.52,-26.789,1.8576
-0.88765,-4.5899,24.584
-45.623,5.1868,32.601
-14.357,-38.17,1.9699
-53.11,26.148,17.769
-21.698,-25.616,-7.3985
-22.811,-83.074,26.299
-57.044,-37.41,0.76432
-15.677,50.458,-18.881
-57.663,-0.57717,-29.428
-60.065,-3.4275,19.357
-41.116,-67.772,43.901
-35.679,37.873,33.482
-54.821,-10.281,-28.18
-34.756,-70.424,49.401
-45.355,17.873,24.194
-55.248,-12.116,13.624
-3.0806,-12.81,40.665
-44.693,-28.561,7.7399
-11.533,31.204,59.202
-16.716,63.955,12.108
-7.6424,-54.735,28.784
-22.98,-34.625,-17.108
-5.6759,50.354,31.65
-0.76554,10.035,21.676
-37.455,-27.764,-11.16
-47.993,37.266,9.5661
-2.0888,-34.006,5.469
-13.397,-38.309,-4.1968
-37.811,51.604,19.472
-20.549,33.209,47.895
-37.581,9.9152,-12.903
-38.919,57.743,-3.2072
-3.5689,-18.237,56.503
-47.528,-58.504,24.55
-30.089,-38.618,-20.426
-13.118,-54.137,4.3106
-52.135,-51.124,13.668
-7.2727,-45.109,42.881
-41.258,17.031,5.9587
-3.0515,-37.427,28.878
-58.038,-51.248,13.979
-54.969,-16.812,-24.536
-15.304,-59.358,5.5375
-14.731,-38.114,46.141
-38.372,-69.142,37.014
-9.2977,-92.258,19.667
-35.145,-76.772,-13.47
-27.796,55.16,-12.375
-11.702,20.257,-22.089
-2.4105,-66.113,32.823
-37.872,14.278,27.925
-3.9902,-52.568,17.621
-8.5927,53.938,16.427
-40.751,45.629,15.155
-47.884,-65.255,14.978
-2.6014,-29.775,36.993
-36.706,19.437,-33.279
-3.4303,-71.414,38.119
-52.15,-54.629,-19.415
-2.4399,34.133,10.793
-58.986,-56.886,3.8456
-63.497,-7.0923,12.747
-8.2802,58.14,9.5707
-42.159,0.73956,37.928
-41.364,43.748,22.658
-64.253,-6.2978,23.829
-58.383,-3.7141,-1.1035
-5.7844,29.899,37.335
-21.69,-62.352,5.319
-53.804,-58.316,21.574
-17.697,-87.046,24.389
-38.317,-78.291,13.152
-57.062,-6.1938,-8.9193
-21.892,31.213,-14.617
-51.007,-34.544,-1.5405
-46.926,-1.1159,-37.706
-47.474,-17.913,-33.85
-29.741,-71.588,34.346
-45.262,-43.804,-18.525
-12.158,-51.126,72.623
-39.979,3.9366,53.165
-51.407,-34.391,12.606
-17.002,42.344,-21.141
-29.602,-0.9836,-21.417
-36.46,-34.909,41.566
-24.026,-13.844,-11.365
-3.7046,-61.7,52.994
-43.893,-63.466,-6.4832
-28.852,18.935,-22.715
-39.836,21.7,7.9877
-31.603,-50.679,53.119
-43.192,-23.537,-23.009
-58.713,0.026166,12.038
-44.957,35.965,23.166
-42.649,3.8353,9.0535
-31.924,-21.46,-26.521
-47.878,-13.861,39.142
-26.87,-84.367,17.276
-40.452,-49.35,-21.843
-30.882,21.947,-6.699
-10.309,27.133,-22.676
-36.149,-3.5875,51.374
-23.15,-74.513,-6.0431
-27.242,-54.446,-15.006
-0.84141,-13.72,23.015
-61.641,-49.666,20.333
-34.445,26.786,-6.0763
-42.95,-40.951,45.567
-5.6964,-24.819,57.605
-10.538,46.876,-24.485
-19.006,-46.898,68.979
-23.55,-64.615,36.72
-2.0782,-4.6979,33.824
-0.72964,-15.908,0.69123
-61.254,-10.218,1.2796
-41.303,-58.243,-18.774
-59.028,-37.477,16.164
-45.202,8.5226,19.737
-24.135,-45.38,-7.8996
-2.9417,-59.956,26.578
-50.644,14.458,-14.869
-38.902,28.327,5.1327
-9.3929,-54.737,67.603
-25.644,1.1848,55.564
-3.4602,31.031,-18.758
-50.954,10.627,7.6078
-6.0687,44.262,38.076
-42.606,22.386,27.786
-40.437,-20.07,0.76758
-6.5916,-54.783,53.386
-45.992,38.122,-15.42
-46.851,-64.777,-3.067
-47.101,-1.8898,-13.665
-16.331,-77.844,47.037
-3.3532,-42.059,24.93
-22.09,37.622,-15.394
-31.848,27.179,49.428
-11.003,56.047,-22.516
-62.504,-25.679,-10.512
-55.506,-45.131,43.183
-62.781,-31.433,26.425
-37.192,-15.673,3.5884
-46.669,30.968,14.817
-17.16,-13.207,-11.537
-22.848,-76.474,39.576
-49.096,9.0842,13.322
-52.344,20.172,21.788
-32.239,-82.649,33.747
-10.332,44.896,-5.3073
-11.814,-31.595,71.776
-46.315,-11.523,33.064
-31.937,-12.77,-32.396
-58.499,8.8743,27.112
-30.397,-78.68,39.398
-28.23,-49.972,44.39
-40.97,-57.115,17.748
-40.616,-33.034,49
-21.075,-80.292,44.784
-26.071,-54.924,50.962
-11.033,65.899,18.02
-53.022,7.1854,1.3233
-20.574,-18.203,-21.927
-64.762,-33.971,6.0936
-39.09,0.9229,3.4436
-4.7452,-29.5,52.546
-15.727,-1.645,-12.123
-32.01,40.875,-10.2
-54.034,-7.28,34.846
-23.998,2.1337,-27.142
-41.142,-63.303,20.452
-26.054,14.355,50.003
-44.392,-26.024,64.343
-8.2407,-18.584,-6.8613
-41.171,-20.496,52.858
-55.585,-17.676,3.4969
-50,-47.148,7.8575
-5.0751,-74.858,50.911
-57.568,-41.577,-14.644
-23.856,32.236,37.795
-35.158,-25.33,53.472
-57.257,6.6291,5.8093
-38.138,-12.661,9.8592
-13.646,8.119,67.869
-20.795,45.415,-14.254
-36.979,-28.976,19.551
-0.72318,-23.397,13.373
-8.5932,-94.139,0.18353
-4.9214,35.647,-2.9453
-50.778,-51.924,46.416
-21.196,-84.417,38.902
-6.3914,54.514,23.43
-7.0425,62.663,-4.2891
-43.529,-70.089,-7.7532
-27.92,1.9901,-15.34
-29.431,-26.968,58.335
-41.169,-86.034,3.5867
-8.3296,-68.643,32.926
-34.781,34.46,-10.804
-9.9425,26.746,29.802
-1.3188,5.2633,-4.2808
-16.932,65.89,5.5113
-11.789,-46.799,36.304
-5.9518,13.716,46.503
-0.77644,-32.489,16.16
-22.077,-93.728,8.9094
-4.0625,19.17,-15.222
-23.322,-80.201,33.618
-36.916,-46.429,57.97
-5.2557,5.1665,-10.698
-8.3008,-52.313,47.271
-36.529,5.759,9.9779
-58.483,-44.4,20.676
-25.516,-68.472,-6.6627
-13.095,-74.115,25.634
-33.292,19.901,2.3796
-43.674,-37.185,18.31
-33.88,-47.459,64.407
-34.52,-85.952,25.377
-2.8418,-89.808,-5.2845
-1.1321,32.213,2.4251
-57.425,-20.478,21.41
-3.4757,33.837,-25.226
-26.139,-12.989,-23.744
-14.208,-43.63,56.902
-54.113,-6.8685,-16.562
-10.667,-14.108,42.769
-18.001,14.392,-22.859
-59.03,-31.98,-25.892
-46.047,7.5793,2.1816
-8.4665,-59.556,58.679
-35.856,16.22,-4.0518
-47.171,40.406,-7.8679
-4.8745,-53.846,22.875
-5.1845,36.411,43.242
-18.522,-61.743,66.277
-23.155,-1.6266,-13.852
-3.8734,-51.684,11.243
-33.175,-62.061,-16.197
-28.67,-70.464,47.481
-53.052,-22.311,41.128
-34.329,32.44,39.579
-9.5203,-99.189,-5.6535
-45.247,-9.257,-10.501
-33.99,-1.5394,-47.642
-19.044,-65.313,44.832
-5.1052,-74.838,43.57
-4.2183,-99.415,7.1347
-27.836,-19.755,-10.93
-14.745,-61.187,-5.8269
-3.9102,12.855,-7.3314
-8.907,-103.07,1.5622
-58.442,-40.079,37.454
-17.516,-29.754,-4.7275
-41.017,52.08,-8.2297
-5.779,20.649,52.932
-49.172,-28.923,17.477
-44.457,-50.253,-16.029
-7.0287,-11.74,70.322
-33.371,-15.981,-14.772
-43.45,-72.876,-15.199
35.95,-29.597,-12.566
12.172,24.427,-16.94
56.014,7.7281,2.5478
13.604,-74.485,47.956
46.286,28.381,28.23
35.944,14.281,2.383
44.78,13.747,-35.523
21.072,-65.971,55.702
52.886,-58.68,37.529
40.587,-36.15,-20.658
36.375,4.3022,-43.976
25.285,-100.11,-3.2395
15.197,-19.371,-5.8579
34.476,31.018,45.193
44.663,-82.097,5.5846
66.274,-7.5844,19.862
36.522,7.393,10.29
10.749,-75.742,31.465
21.101,-23.771,-6.3942
36.331,-57.58,-17.314
9.1032,-55.98,14.516
3.8344,23.113,-11.374
37.619,-21.92,-14.933
53.004,4.6117,40.325
2.2554,30.472,12.525
38.599,-31.774,52.679
11.144,-82.937,40.999
7.9053,23.731,-22.933
1.8307,-1.031,-6.9617
26.08,-77.787,-11.705
50.044,-53.548,11.948
21.438,-3.3866,-32.761
38.082,7.0297,1.6465
4.3955,-34.022,61.605
15.965,42.94,-21.78
5.415,15.887,55.675
56.755,-14.034,-34.773
7.1548,59.831,24.507
44.615,39.083,21.995
46.064,-21.215,8.9482
7.5991,46.301,31.522
33.228,9.5379,-17.669
46.222,-59.375,32.587
55.63,18.009,12.679
46.329,-8.7054,13.273
56.738,-22.991,21.065
59.155,-39.453,0.41612
10.804,-62.09,24.495
15.04,-39.659,54.193
66.212,-41.764,-1.7293
32.623,-16.633,-13.244
10.819,3.4603,44.59
47.67,-60.818,-2.774
0.82536,1.2132,22.807
31.767,32.849,-16.049
4.9037,30.067,-10.878
44.207,-15.378,52.148
8.4934,-8.6551,49.787
7.6249,-57.019,2.4316
37.823,8.7137,31.599
54.258,-35.999,-25.835
54.903,8.1654,-17.915
63.648,-34.975,30.407
3.6798,-18.074,32.258
12.974,-71.604,11.981
6.2478,-80.787,-9.1637
31.556,-94.015,-0.61915
24.951,46.261,27.116
0.77668,12.037,13.222
62.151,-3.9126,-0.01046
30.103,-75.663,22.511
28.893,-30.183,-9.0397
7.4062,39.186,31.089
22.842,10.816,63.912
1.2698,-30.467,26.179
37.896,-19.637,48.391
37.551,31.197,3.2883
38.511,-86.77,2.1933
6.0723,-46.196,54.574
47.973,6.0015,-15.588
48.769,-22.826,40.691
29.859,-8.5305,-35.387
18.69,-62.46,27.495
50.961,-57.367,-16.314
51.033,-4.965,-33.287
15.81,-72.699,26.974
34.211,9.2767,-28.032
3.1484,-60.735,23.636
36.716,7.6336,-21.776
44.695,5.0675,34.6
28.262,-14.726,71.59
9.8532,31.534,-23.554
7.8483,49.868,-7.4632
19.181,55.661,-16.07
52.871,-28.237,-6.893
45.867,-30.076,13.114
40.476,-83.474,-5.1627
6.9478,54.202,10.39
1.1169,8.5102,26.276
48.221,-39.048,50.277
22.889,-29.879,-7.562
51.352,20.886,22.225
33.25,20.771,5.3619
15.992,18.728,63.148
25.885,-55.932,55.902
20.244,-92.937,22.828
42.173,-75.719,13.054
22.293,5.1763,-37.045
24.565,13.269,-40.341
42.893,-15.65,-29.828
27.473,-12.545,-23.783
5.6916,27.032,27.789
6.401,33.95,22.409
17.725,-66.539,62.164
49.86,-70.949,8.3679
55.16,-58.206,-5.4358
7.7616,32.368,41.834
0.7983,-17.712,14.61
28.599,51.39,10.961
6.5441,-66.663,52.927
41.076,12.066,-42.607
6.2129,33.32,14.89
15.364,-38.029,47.956
35.311,23.626,-15.103
15.03,-26.834,-3.5303
3.7076,37.258,-17.554
13.98,62.029,-16.223
46.161,-14.9,18.699
34.256,-81.996,31.853
17.656,-73.09,41.508
59.473,-30.315,35.512
59.472,-21.843,-22.559
34.586,26.315,50.751
58.87,-14.849,32.773
7.6485,-6.776,66.116
13.296,-20.284,43.22
0.76839,-34.888,15.226
26.939,-25.756,60.836
32.918,-82.741,7.2321
21.181,-101.47,2.8292
6.2206,17.135,46.176
15.982,-44.599,-2.7511
62.798,-3.4788,10.84
43.97,-21.452,-25.743
16.432,-56.918,21.29
14.809,51.236,-19.489
0.77604,-9.2109,13.227
38.863,56.799,0.40503
66.943,-34.053,-7.9047
15.606,19.374,-21.621
30.832,-4.6504,-46.777
0.77762,19.334,11.075
49.708,-10.917,47.119
55.771,-14.143,50.336
1.0536,19.227,19.081
52.77,14.493,-14.714
34.285,-10.435,-18.253
37.059,-8.6648,-41.64
25.333,-5.0443,53.35
19.368,47.17,-14.807
4.9059,16.824,-14.835
6.6667,36.917,-9.3503
28.72,20.141,52.35
25.29,-84.669,32.094
3.6954,41.042,-25.465
13.574,-61.845,66.598
52.172,7.3659,29.439
34.834,13.316,9.4378
14.119,-29.693,42.148
39.012,-28.419,68.037
50.179,-62.752,12.195
6.4286,59.902,15.49
51.714,7.1577,-9.5978
50.911,39.713,-6.656
10.922,-40.284,76.223
16.068,-65.447,8.2346
9.2578,41.458,-5.0528
25.673,-34.394,64.409
22.483,60.345,-12.148
58.402,-26.196,0.15325
5.5029,-44.757,9.1766
12.895,-94.025,-12.627
4.6664,-68.175,3.4341
37.571,-33.05,-8.3283
12.806,42.814,47.132
51.586,-18.953,-10.331
34.963,4.351,58.878
10.116,42.801,-22.453
32.45,-51.247,64.448
15.225,62.176,-9.2333
38.471,-14.197,6.8744
25.064,35.227,-11.749
31.842,-49.921,56.653
9.588,-22.576,50.085
34.163,-33.983,61.801
26.905,-94.431,15.095
30.54,-78.603,18.328
34.609,54.166,6.7361
51.224,-61.759,-10.729
3.7322,-41.272,33.162
3.7047,-13.819,40.524
43.077,32.516,-1.2969
36.2,16.286,-10.521
38.11,-79.257,9.105
9.0907,-41.068,38.198
12.528,-29.994,71.988
11.374,36.903,-22.165
2.155,-26.373,-0.78501
9.7071,-63.786,-2.4702
16.436,-12.9,-11.594
15.516,-55.333,14.857
39.954,42.696,29.561
6.2555,52.13,27.283
6.9559,-15.668,52.556
63.646,-16.598,-12.168
11.808,-29.958,48.968
15.113,-59.923,-5.4103
9.6381,-95.379,-5.1901
55.547,-32.807,30.173
10.292,-65.978,31.466
39.085,-82.764,15.866
37.413,-21.497,6.8132
20.161,-64.838,47.598
42.925,-42.118,43.986
12.077,-77.374,38.232
47.661,23.612,34.772
46.111,-4.1506,53.162
57.177,-40.827,11.975
11.157,-54.286,67.316
46.885,-74.223,1.8432
57.501,-8.247,-9.861
12.708,-79.92,7.5221
6.8009,-44.56,45.362
53.787,-18.204,44.174
33.511,33.243,33.135
35.136,-87.876,-5.3352
57.553,-54.719,24.112
0.75653,13.089,5.8419
44.613,-65.307,16.561
39.762,-4.4787,-8.2133
26.021,-85.923,-12.403
33.303,-89.254,-12.509
51.002,12.422,-23.676
47.418,-12.694,-3.717
60.049,-50.345,-17.008
44.236,27.06,4.3014
33.329,21.433,-0.65886
33.823,40.719,30.434
12.217,50.847,41.996
30.425,5.4169,-16.989
31.221,-48.015,48.959
44.587,-52.475,-14.279
0.74894,-6.3909,-1.9581
0.75984,-14.891,-0.1009
54.552,-9.3046,-30.23
60.672,-28.294,44.058
42.821,-72.104,24.659
20.398,-64.511,19.528
21.97,-30.133,73.892
8.0475,-48.833,5.4534
4.4674,-52.165,20.251
14.561,-33.274,78.84
15.38,8.9693,-16.892
33.485,-84.132,16.231
21.175,-18.047,-22.824
56.125,-50.362,8.2838
23.569,-11.135,-11.894
17.322,-87.759,28.074
42.036,27.607,-16.112
60.994,-26.026,27.45
26.48,-1.3082,-38.991
43.59,20.052,-27.756
64.033,-34.065,22.267
52.13,-47.968,12.701
13.821,-67.704,39.104
48.109,-24.587,18.804
20.875,-73.247,49.16
50.666,28.168,2.1886
56.448,-51.155,36.988
31.979,25.89,-4.1441
38.62,20.76,48.886
4.858,-79.608,18.413
34.15,19.731,10.072
25.425,-25.355,-11.005
15.788,-99.673,-7.8244
32.11,23.038,-9.0285
5.5776,-59.018,37.632
6.1966,47.922,39.577
52.027,-19.314,56.938
62.19,-1.1998,-7.3368
6.3134,22.52,61.392
43.89,20.999,27.678
4.0086,-85.252,10.782
45.616,38.602,7.7444
4.1765,-35.423,28.936
55.622,-43.885,25.972
50.499,-8.6424,-40.716
43.135,3.0585,-41.236
48.89,14.628,18.29
11.896,32.158,27.27
15.404,-23.641,75.363
47.627,-70.671,-4.8051
22.602,-98.467,-12.351
7.0859,-52.921,56.051
5.773,-89.369,-11.899
45.557,29.755,34.779
51.273,11.332,9.899
24.237,46.342,40.268
25.9,4.7838,-45.721
19.769,-10.685,-26.959
42.818,-4.1754,-14.783
12.05,-90.966,26.409
40.463,1.7525,-12.756
37.018,-43.832,60.241
31.008,19.052,-36.748
24.022,49.302,34.34
5.6373,-59.561,53.402
37.213,-13.008,-21.735
17.262,-44.082,74.827
8.8559,60.513,6.3599
36.547,-14.138,68.229
34.897,44.656,23.878
18.125,33.541,-21.787
2.5092,-31.095,3.5955
9.7828,-16.421,77.702
44.371,-16.66,60.602
21.137,-87.371,-9.584
38.446,-28.159,18.977
24.362,-4.7123,-27.113
8.1237,67.2,-5.3629
42.758,-59.322,-13.611
44.616,-58.67,26.629
45.35,-13.595,42.578
37.659,-56.239,48.896
31.323,-44.594,66.1
27.698,-54.834,-14.512
29.39,36.477,34.116
4.9479,-57.624,30.584
21.783,30.671,-15.073
18.371,-69.186,23.259
11.917,27.28,30.847
4.4522,-43.87,23.297
39.756,-6.3567,61.255
8.4965,3.8506,51.607
59.961,-35.428,-15.128
1.3298,10.39,-1.7032
10.307,-87.479,33.837
13.16,-94.397,1.5304
16.789,37.291,52.233
17.661,-4.2584,71.397
4.6561,-78.591,27.185
4.6142,16.114,-8.1389
9.2847,-56.374,61.107
2.8895,28.869,-18.075
3.1783,-80.058,0.88962
24.463,-25.133,-24.395
43.508,42.508,-14.355
10.183,-51.067,41.631
23.023,39.456,40.647
19.845,-49.479,0.73773
37.516,-17.203,-18.026
41.57,50.675,-10.601
25.28,10.143,52.912
25.772,-77.317,37.055
55.24,-1.5179,38.357
61.391,-2.7606,17.976
35.935,-23.263,13.941
48.246,-41.79,-20.955
6.4135,16.735,-20.407
5.5174,39.094,45.874
38.477,25.867,-9.438
58.569,8.5375,-9.7859
55.676,-60.046,10.167
33.668,30.529,38.408
39.317,-12.571,-3.9222
51.026,36.382,4.8685
48.871,22.26,6.8021
6.0998,44.59,-13.634
59.649,-28.75,-24.913
19.517,-56.919,69.708
36.584,54.432,14.202
30.229,-95.055,-8.8464
0.85091,-21.365,23.212
7.058,25.54,45.621
1.5715,-7.0617,-9.5935
60.273,-33.58,-5.029
5.9103,-95.068,7.3838
9.6005,-9.55,43.647
46.041,-80.145,-2.3561
28.137,-38.16,58.008
25.039,-24.245,68.525
50.84,3.9616,2.1505
25.466,5.579,-15.029
5.3927,12.674,37.864
49.016,-7.6974,31.178
5.6359,60.196,-17.649
32.721,-29.784,-19.757
4.4647,-29.486,30.922
46.68,13.219,-18.704
2.1734,-36.965,6.953
23.175,-91.914,-14.246
38.009,-25.58,-11.169
29.143,19.347,-16.314
27.086,-16.724,-10.628
7.9468,59.037,31.625
5.2957,19.713,33.265
66.498,-20.557,0.68993
5.3556,-10.039,57.302
13.131,61.552,26.957
20.748,-59.654,15.441
4.9732,12.785,29.667
61.227,-52.574,-0.95037
0.76667,-22.411,6.0079
41.796,-74.393,30.679
32.287,-35.433,-14.866
6.3065,-74.096,48.051
9.0156,-87.556,4.1276
15.138,-33.889,44.475
42.021,10.644,6.0605
25.081,61.372,17.427
50.305,-27.077,-27.405
40.755,33.987,-15.369
50.199,-12.942,55.778
25.044,44.299,-12.535
36.054,16.774,-30.394
56.545,2.8361,-3.7279
40.255,-66.266,-15.333
11.579,47.93,15.008
39.484,-76.38,36.854
44.513,-32.634,21.153
48.178,34.212,-4.6299
62.664,-10.743,13.396
46.935,-47.102,-17.519
27.628,21.041,-22.184
49.013,-43.419,14.903
15.161,11.266,67.178
7.5206,-63.526,9.9819
19.143,57.121,28.011
28.044,-78.369,28.541
8.4538,-23.155,-3.8142
4.6734,-40.282,26.638
0.76195,-2.8668,7.2035
63.448,-46.953,4.5871
31.429,19.922,-12.196
3.4959,-5.6798,34.58
49.964,-1.5984,7.6251
6.0731,63.292,-0.63295
24.33,63.708,10.845
11.893,-44.803,58.51
39.035,-74.697,-13.708
47.874,-68.963,30.337
9.0695,-34.835,4.4373
39.557,48.254,11.579
50.789,-56.029,26.387
38.897,1.2651,5.8526
49.011,28.418,17.875
12.719,-51.673,-5.152
53.333,23.285,9.8601
23.714,-35.549,-0.84385
11.235,-41.382,67.666
3.3947,-56.946,16.564
41.078,53.144,6.0405
5.8361,-76.39,9.4167
32.803,-73.683,32.257
51.78,-51.526,41.673
3.6228,-69.416,19.486
28.225,-70.762,-12.175
23.069,-42.671,64.1
40.097,-83.228,-13.732
6.1843,-53.086,25.679
55.434,-49.003,21.279
24.118,53.062,29.128
21.639,31.867,49.691
62.67,-34.319,39.015
49.392,7.7666,-38.546
9.5699,7.545,-13.374
51.058,-45.103,48.114
11.507,-54.273,8.9772
4.797,-68.555,36.655
6.0629,28.638,18.159
56.265,-56.973,31.478
25.439,-51.105,69.173
37.389,58.076,-7.0067
3.2803,-27.109,38.365
7.3168,-3.5627,-11.58
46.702,-78.358,-11.229
18.013,58.807,20.834
30.658,-24.739,-14.856
2.0307,24.632,-4.6303
40.388,37.127,33.473
50.22,-14.868,5.1833
4.4776,6.7906,32.584
12.917,42.761,13.168
39.93,-80.566,27.672
33.496,51.056,20.036
0.98964,-13.19,20.896
42.901,6.4985,-21.308
20.467,6.9161,-15.576
15.684,-68.84,51.731
3.4883,32.762,-5.0821
17.489,-48.83,66.78
23.983,-61.674,42.382
7.7607,-37.654,44.945
59.885,-39.976,42.272
35.107,18.484,-5.2636
30.411,-48.971,-7.8502
50.172,-62.579,4.5309
39.293,41.336,9.4098
13.84,-37.814,2.9058
48.516,8.9572,19.749
18.982,-35.954,1.3358
43.937,-1.0784,13.588
33.167,-36.902,52.824
21.871,-61.593,61.615
11.498,44.92,-0.11735
3.7447,-37.615,70.088
11.2,-42.487,1.181
3.8875,-16.061,72.272
57.522,0.87659,8.7658
61.172,-55.55,6.6285
63.904,-43.01,-9.7109
20.458,23.745,52.28
16.183,-71.447,34.642
59.581,-30.54,15.301
39.416,6.4313,-16.475
5.8851,-20.812,64.64
50.651,-58.72,44.704
4.9441,52.153,-14.645
39.822,50.375,18.313
3.9664,0.24698,34.559
5.2109,-28.253,54.018
47.385,3.9814,47.895
13.949,-91.898,17.863
26.436,9.9951,-17.429
37.373,-42.458,-20.856
4.4323,10.112,-10.194
20.329,-36.952,70.257
16.947,-36.198,-10.793
5.0486,-19.553,57.606
16.382,-55.098,5.4241
0.76069,5.512,6.9914
6.3036,32.294,50.239
54.229,-14.956,16.661
45.31,28.906,-9.0322
4.8262,-46.938,14.45
40.066,4.5124,-6.4219
58.062,-12.012,42.723
1.4944,25.22,16.152
34.275,-28.661,-7.068
46.128,-70.606,-13.246
52.685,-7.1063,-17.997
5.1634,-56.851,45.427
42.979,-67.756,21.268
34.897,-15.607,-33.944
24.72,57.831,5.7562
20.463,24.935,-19.474
13.211,44.012,6.8013
47.936,-60.311,17.695
47.213,-34.239,-21.136
1.7962,5.0202,-5.123
7.2462,45.944,22.35
53.953,-33.943,20.473
20.477,-58.737,9.9642
10.232,9.9577,49.626
5.4504,0.90608,67.163
61.512,-41.901,33.678
10.282,-15.535,42.269
44.906,-62.359,37.606
52.747,-2.2227,47.649
25.482,44.144,33.5
37.833,-5.7955,14.205
61.118,3.0562,24.201
39.269,20.451,-37.178
47.442,-71.403,15.802
31.814,55.997,-1.789
53.93,-52.299,-21.502
12.097,18.684,-15.369
55.014,24.595,16.034
47.05,42.605,0.38794
0.85323,-24.747,14.437
14.788,-61.929,14.388
5.3817,4.9237,41.124
42.965,-10.095,-10.35
32.498,11.914,-41.377
33.249,-51.442,45.188
5.1599,-4.2577,42.452
45.493,-53.553,48.675
7.527,15.821,65.653
50.177,-31.407,26.14
11.103,40.86,25.518
45.119,35.286,27.426
43.7,8.0081,52.013
7.251,-46.277,33.819
26.012,-82.103,20.318
52.675,-31.914,46.226
7.4724,23.607,52.213
33.976,14.569,-15.165
45.655,-53.664,16.111
11.014,-2.7436,47.138
29.99,0.30387,-18.435
18.038,48.1,37.434
37.745,28.494,-3.5636
39.14,-22.863,61.375
12.329,-101.33,8.1331
48.865,-37.037,3.6309
11.31,10.481,41.782
58.702,-57.881,-12.819
16.047,-63.901,33.193
6.9309,57.836,-8.4527
50.983,-9.218,38.503
20.366,11.698,-19.672
27.615,51.921,4.3359
4.5566,-35.117,37.588
45.074,-28.107,40.214
52.461,-13.394,-13.824
42.818,43.344,15.871
44.532,36.548,14.924
11.664,-42.578,49.797
51.973,-52.794,18.489
63.947,-29.129,-16.105
59.056,-44.48,17.993
39.455,-31.378,41.596
60.376,-7.3712,-26.699
8.353,-41.04,5.5923
22.465,-62.46,6.2533
1.1749,29.981,-0.26073
10.6,53.068,2.6782
22.365,33.721,39.993
0.77641,0.089904,14.197
58.225,2.4374,-26.089
9.3972,63.693,19.783
6.1506,36.533,9.9986
41.333,-50.553,-20.993
31.082,5.0655,-22.933
0.83709,-29.422,19.754
57.761,-12.387,3.5405
45.673,-65.556,9.2412
18.764,-96.495,15.59
20.026,-63.778,-9.2713
38.166,2.0605,13.406
7.3237,41.484,6.6207
59.233,-42.655,-16.066
25.56,51.972,-12.536
18.081,-6.239,-12.084
38.081,-15.294,41.483
7.9493,55.515,-1.6889
19.426,-30.951,-13.842
11.652,-66.551,20.544
63.28,-21.897,8.5874
45.146,-34.833,44.696
44.876,-66.354,2.0295
12.778,25.343,60.817
12.29,-47.763,36.658
29.71,-72.23,26.363
4.0308,-45.434,18.975
43.805,20.885,5.1345
38.762,11.598,-4.7302
3.5097,-48.118,27.448
5.5218,23.697,22.157
11.651,66.394,4.1114
29.217,59.699,-9.1557
21.253,-99.007,9.1379
63.478,-6.918,28.59
38.847,24.418,7.9743
26.032,0.77325,-14.47
59.177,9.1719,8.4524
55.769,-37.954,48.541
57.793,-3.691,22.831
14.537,4.5104,-12.469
30.554,38.506,-9.2339
11.338,16.991,38.464
6.8193,8.9454,68.052
23.917,-82.687,41.104
14.72,-32.546,1.062
9.4228,-72.439,54.063
16.689,61.92,15.296
19.138,-17.012,75.022
38.618,-39.363,46.533
29.027,-9.75,-14.277
12.117,3.6822,72.093
48.225,11.383,-29.819
5.3177,-81.127,34.949
28.532,54.741,16.251
36.833,11.173,38.865
29.604,27.32,45.725
41.73,31.873,19.667
33.937,-24.313,55.518
18.411,37.97,45.386
9.0907,66.401,12.519
58.222,-17.278,-4.652
45.731,9.678,1.1294
64.779,-10.783,-4.6652
49.225,-2.1633,-9.8847
1.1321,-38.886,21.308
0.83764,-5.2233,28.438
42.636,-78.075,20.548
5.9692,-30.302,44.064
19.825,-81.651,-13.626
44.901,8.9441,43.118
16.408,66.986,-2.596
45.509,-70.262,37.709
11.411,-56.598,19.56
1.3182,-41.846,12.698
13.615,-69.5,-9.0016
8.5185,-16.8,-7.6168
18.028,44.358,42.816
11.08,39.869,18.106
39.964,26.808,41.691
4.9196,37.138,0.97976
19.27,27.478,58.191
25.31,3.3649,56.367
5.1607,18.378,25.926
7.2833,-72.604,-2.9884
22.294,18.122,59.896
0.73417,1.1101,0.73974
38.227,12.049,56.338
48.673,18.548,-21.752
8.4585,9.5167,58.514
1.5321,-14.033,-7.6167
6.336,-48.478,64.155
17.262,-44.554,-9.7723
11.537,57.681,-22.356
51.569,-46.265,18.194
48.981,-30.163,-1.0032
54.336,-4.4007,27.988
51.283,5.1624,-24.885
28.763,-9.69,61.032
34.12,53.494,-12.376
23.133,-54.746,4.5378
38.715,10.077,-12.191
53.44,-43.484,40.209
14.29,-87.368,-12.316
13.533,33.674,57.523
61.318,-3.5649,-21.208
32.783,-24.58,63.965
0.76455,-9.0636,4.188
3.331,47.034,-22.527
5.9614,-33.175,76.311
12.545,-8.7293,-11.844
44.548,22.176,39.695
49.664,-23.742,-5.3932
31.116,-5.6672,-26.908
59.904,-9.9609,-16.398
32.977,-49.422,-17.639
6.7862,54.536,37.044
47.536,-64.859,24.159
12.228,-69.393,59.56
27.878,-95.523,5.5921
31.867,28.036,2.2226
23.525,-77.983,46.016
15.03,14.266,-16.503
41.83,49.432,-2.1759
0.77155,-15.052,7.5113
56.724,-45.059,-24.108
3.3475,34.337,-26.086
53.966,17.69,4.1846
59.677,-7.2305,35.84
34.386,25.897,-20.301
44.294,-60.006,49.936
9.515,49.168,-23.829
22.157,64.999,2.715
5.145,-21.591,42.261
0.83016,21.168,2.907
61.776,-36.169,-22.759
35.171,-82.615,23.261
30.481,-63.907,-14.822
30.49,-29.515,70.305
8.1605,-63.393,60.854
65.107,-40.371,14.881
60.104,-24.301,-8.6163
3.8137,-88.827,-2.7924
2.5683,21.35,-21.234
7.0881,-71.531,42.155
22.03,-85.817,23.493
1.1487,-13.62,28.171
29.576,-18.962,-19.403
8.2899,39.26,52.916
15.284,-38.759,-4.7311
35.043,-75.024,44.66
19.664,-10.706,67.083
47.056,-27.101,55.857
9.387,12.547,-16.654
7.9931,-2.6864,53.48
32.163,-83.241,-15.225
8.3571,53.346,19.047
67.311,-24.131,-10.407
37.015,12.865,47.768
21.074,-2.0316,61.972
14.39,-101.5,-0.67016
66.724,-20.697,-18.438
51.429,33.044,12.187
19.979,-74.176,-6.9657
26.481,-17.319,-30.242
41.681,12.77,-24.576
24.408,3.8665,-28.444
26.914,27.949,-19.91
25.37,-70.107,42.747
48.814,-76.663,9.7947
6.9777,-61.095,18.562
7.4863,46.964,46.864
25.632,-55.404,63.298
38.307,-18.791,18.851
28.718,-0.68212,-23.619
16.824,66.205,9.5834
46.602,-49.399,42.787
7.7842,32.362,34.813
42.526,45.313,22.514
30.359,-88.332,3.7131
11.58,22.167,33.715
5.7719,-70.097,12.838
5.077,3.2125,58.933
35.354,-8.2522,-24.963
31.237,-5.8163,-19.812
6.9052,-24.426,77.852
11.647,-38.675,61.199
56.657,0.7611,-13.975
20.915,59.047,-4.943
43.781,-27.746,-21.661
22.284,-24.168,-16.902
43.655,-12.496,35.507
24.596,27.982,41.263
32.878,26.589,7.907
31.528,-35.586,-22.598
31.646,-22.571,-10.198
40.969,45.276,4.0192
4.2273,-65.283,29.696
43.66,-4.2643,-45.736
25.334,-46.131,-10.075
9.6756,-47.983,72.408
27.493,-88.898,20.374
28.523,-54.36,50.072
59.87,-50.141,-8.1739
20.722,-54.029,-8.4314
43.214,25.558,22.216
39.794,-0.091311,49.772
31.697,-60.456,51.322
41.923,-10.587,-35.793
27.646,39.38,28.285
9.8488,49.122,7.1425
3.964,-23.585,30.717
28.23,-41.887,-17.658
56.863,-60.587,1.4705
29.348,-65.006,33.177
31.226,12.103,58.49
35.535,-45.311,42.029
20.193,0.98176,-12.48
37.791,-29.732,-26.266
1.7671,-20.712,-4.0987
38.514,-11.701,17.118
1.0038,13.932,22.53
65.613,-36.378,7.6226
27.176,-62.115,-7.0779
31.157,-63.246,44.772
41.397,-18.98,-0.001279
38.632,-63.32,48.757
23.438,16.467,48.956
45.713,-63.989,-8.579
24.893,-62.47,49.145
4.8776,-52.822,11.069
33.282,-35.928,-6.9459
27.573,-34.347,-4.4311
51.516,-36,-2.3879
28.671,-55.698,-7.2771
29.163,34.496,41.441
8.2548,24.459,39.065
32.723,-76.679,-11.794
29.691,-88.068,11.834
55.65,9.7117,16.468
8.6975,-28.894,0.09043
42.088,16.194,34.478
44.274,-54.948,21.9
26.307,15.326,-18.724
54.729,-25.723,10.021
54.96,6.8245,-31.853
3.626,-13.763,63.83
32.051,-41.616,-10.39
8.8945,-51.856,31.782
39.575,16.439,5.9704
26.52,-71.12,35.28
65.674,-12.099,-18.744
39.394,-2.0203,-1.3929
11.556,-16.428,48.173
10.949,-10.386,72.506
33.3,45.594,-11.707
42.857,-9.6208,56.129
1.7223,17.206,-1.8363
24.071,-38.001,-12.365
55.603,-0.99377,-32.279
19.267,4.2533,68.429
20.72,-17.097,-10.34
6.2299,-90.119,19.332
6.5146,-72.281,25.723
65.954,-12.621,2.9923
18.228,-86.486,36.385
34.332,-69.143,47.506
39.15,29.801,34.982
14.483,26.128,-23.089
62.249,6.3582,15.023
42.955,14.541,26.125
1.3758,2.2678,30.206
46.464,16.634,0.38391
62.845,-15.751,20.118
56.82,-34.439,5.1758
20.64,39.614,-16.338
24.232,23.287,46.117
24.65,-69.062,-5.1877
12.929,36.52,23.025
0.75825,-30.064,9.8304
24.949,-31.229,-18.592
58.023,-50.441,29.049
42.767,-31.589,61.612
31.876,-69.627,39.41
13.789,-77.699,-9.2026
37.409,-42.86,52.736
23.93,-4.1637,-14.399
18.703,-27.716,65.365
42.949,-27.376,47.067
6.1871,-64.037,44.808
28.748,43.933,22.082
52.821,34.96,-1.0453
7.3704,2.7721,-10.918
44.248,43.652,-6.7441
9.9779,-97.145,14.516
18.228,51.554,32.159
66.411,-30.466,13.242
55.21,-19.731,37.155
27.55,10.821,-31.943
43.019,7.0093,25.861
32.916,-3.2089,52.473
13.631,-1.7718,-11.722
49.646,-22.099,49.563
0.77604,6.775,17.343
58.37,-15.21,-25.299
67.17,-28.636,4.2522
3.1743,27.37,-25.883
33.67,-78.01,38.417
62.589,-40.822,24.714
52.273,-5.7897,-0.75793
30.159,-68.274,29.417
25.062,54.028,-1.9084
13.546,-49.241,2.134
8.4524,-51.161,48.791
0.80022,25.787,7.4152
12.902,-25.114,42.215
2.8923,-26.802,70.002
6.4647,-25.595,60.531
33.271,-24.627,-24.263
27.199,-62.908,56.409
7.0748,64.739,-12.252
3.3943,-11.451,33.556
10.147,-3.1623,71.837
52.014,11.968,-0.25457
7.0608,-4.2412,60.723
26.261,49.551,20.151
7.506,30.174,57.767
5.0562,54.423,-23.149
47.925,-0.028795,-36.52
21.613,-59.474,21.721
49.009,-40.416,9.3979
9.5387,-34.317,54.866
55.342,29.272,6.4155
48.809,35.303,-12.965
36.822,37.825,-10.912
13.362,54.498,33.41
6.1435,-85.334,25.551
21.733,17.761,-22.456
36.448,-21.417,-29.471
11.829,30.591,-19.266
34.852,19.058,56.427
24.22,56.303,22.781
1.8408,33.725,6.1941
40.803,-48.13,41.464
54.554,-8.51,10.864
54.783,-25.317,42.424
38.74,-6.4692,5.8656
35.199,-34.466,45.629
59.477,9.8948,24.25
0.93892,-5.7898,20.551
26.966,-62.764,37.5
54.828,-42.997,5.5911
6.2315,40.086,38.159
43.789,1.2116,-18.059
53.167,-44.519,32.391
49.54,-17.018,-34.192
52.322,-1.1167,-21.817
6.7046,-10.92,-10.811
40.827,-70.823,44.914
58.792,4.2411,33.115
40.148,-20.856,54.601
27.607,41.25,38.785
44.599,4.2248,7.5847
40.183,-11.93,48.678
62.367,-22.984,35.759
46.538,-23.29,64.178
43.659,-64.62,43.549
19.235,-32.746,-4.3933
56.96,-21.895,-30.111
38.95,18.2,42.061
60.18,-17.912,26.817
17.53,-81.263,43.606
